id,category,image,price,name
1,dairy,/src/public/INA.jpg,100050,Baladna Halva Pistache (700 g)x12
2,dairy,/src/public/INA.jpg,100053,Mloukhia Baladna (Petit 200 g) /12/
3,dairy,/src/public/INA.jpg,100054,Thym Baladna 400 g /12/
4,dairy,/src/public/INA.jpg,100057,Freekeh Baladna 800 g /12/
5,dairy,/src/public/INA.jpg,100059,Feuilles de Vigne du Alsabah 1300 g /6/
6,dairy,/src/public/INA.jpg,100060,Feuilles de Vigne du Alsabah 660 g /12/
7,dairy,/src/public/INA.jpg,100068,Acide Citrique Mario 800 g en Boétes /8/
8,dairy,/src/public/INA.jpg,100085,Halva Baladna Pistache (350 g) /12/
9,dairy,/src/public/INA.jpg,100086,Halawa El Bourj - Pistache normale 700 g x6
10,dairy,/src/public/INA.jpg,100087,Halawa El Bourj Extra - Pistache 350 g x12
11,dairy,/src/public/INA.jpg,100088,Halawa El Bourj Extra - Pistache 700 g x6
12,dairy,/src/public/INA.jpg,100089,Tahina El Bourj 300 g x12
13,dairy,/src/public/INA.jpg,100090,Tahina El Bourj 700 g x6
14,dairy,/src/public/INA.jpg,100091,Halawa El Bourj - Pistache normale 350 g x12
15,dairy,/src/public/INA.jpg,100092,Al Ketto Tahina Rashi 1x12x700gr
16,dairy,/src/public/INA.jpg,100094,Baladna Halva 6x1800G
17,dairy,/src/public/INA.jpg,100095,Tiba Halva Nature 400grx12
18,dairy,/src/public/INA.jpg,100096,Tiba dairy Pistache 400grx12
19,dairy,/src/public/INA.jpg,100101,Petit Détergent 500 g /24/
20,dairy,/src/public/INA.jpg,100103,Boulghour du Alsabah 900 g /12/
21,dairy,/src/public/INA.jpg,100104,Sabah Boulghour Brun Fin 900 g /12/
22,dairy,/src/public/INA.jpg,100105,Sabah Boulghour Fin du 900 g /12/
23,dairy,/src/public/INA.jpg,100147,Infusions Shamin (20 Sachets) /20/
24,dairy,/src/public/INA.jpg,100152,Semoule de Géteau du Alsabah 200 g /12/
25,dairy,/src/public/INA.jpg,100159,Vermicelles du Alsabah 1 kg /10/
26,dairy,/src/public/INA.jpg,100160,Vermicelles Tosca 1kgx10piéces
27,dairy,/src/public/INA.jpg,100161,Indomie végétarien
28,dairy,/src/public/INA.jpg,100162,Indomie poulet
29,dairy,/src/public/INA.jpg,100163,Indomie poulet spécial
30,dairy,/src/public/INA.jpg,100166,Chewing-gum Shaarawi /24/
31,dairy,/src/public/INA.jpg,100212,Pois Chiches Cuits du Alsabah /12/
32,dairy,/src/public/INA.jpg,100247,Thé Rass El Hissan en Vrac 350 g /24/
33,dairy,/src/public/INA.jpg,100248,Thé Rass El Hissan 100 Sachets é 2 g /24/
34,dairy,/src/public/INA.jpg,100256,Noix de Coco Nazli 300 g /20/
35,dairy,/src/public/INA.jpg,100257,Freekeh Al Ghouta (Carton 800 g) /12/
36,dairy,/src/public/INA.jpg,100280,Cornichons Mexicains du Alsabah 1300 g /6/
37,dairy,/src/public/INA.jpg,100281,Cornichons Mexicains du Alsabah 2800 g /4/
38,dairy,/src/public/INA.jpg,100324,Sauce Piquante Rana 100 g /36/
39,dairy,/src/public/INA.jpg,100346,Shampooing Hamoul (Petit 200 ml) /12/
40,dairy,/src/public/INA.jpg,100348,Sumac Mario (Fin) 500 g /12/
41,dairy,/src/public/INA.jpg,100389,éponge Irakienne Tressée /12/
42,dairy,/src/public/INA.jpg,1004,Féves Bagabla Al-Durra 400g
43,dairy,/src/public/INA.jpg,100459,Poudre Hamoul /12/
44,dairy,/src/public/INA.jpg,1005,Durra Féves Libanaises 400gx24
45,dairy,/src/public/INA.jpg,100513,Colorant Alimentaire 25 g /12/
46,dairy,/src/public/INA.jpg,100574,Pois Chiches Secs Mario 900 g /12/
47,dairy,/src/public/INA.jpg,1006,Féves Chami Al-Durra 400g
48,dairy,/src/public/INA.jpg,100609,Graines de Courge Al Baraka 5 kg /5/
49,dairy,/src/public/INA.jpg,100643,Gant de Bain Noir /12/
50,dairy,/src/public/INA.jpg,100669,Sabah épices Mastic / 25 g / Offerte /1/
51,dairy,/src/public/INA.jpg,100796,Custard Al Ghouta /24/
52,dairy,/src/public/INA.jpg,100947,Créme Caramel Al Ghouta 80 g /24/
53,dairy,/src/public/INA.jpg,100996,Sauge Mario 80 g /12/
54,dairy,/src/public/INA.jpg,101135,Mloukhia Baladna (400 g) /6/
55,dairy,/src/public/INA.jpg,101297,Sabah dairy/ 50 g / Feuilles de Laurier /24/
56,dairy,/src/public/INA.jpg,101321,Sésame Mario (Grillé) 300 g /24/
57,dairy,/src/public/INA.jpg,101339,Dattes Medjool 900 g Felestia /12/
58,dairy,/src/public/INA.jpg,1014,Houmous Tahina Al-Durra 370g
59,dairy,/src/public/INA.jpg,101590,Cubes Maggi étranger /24/
60,dairy,/src/public/INA.jpg,101591,Sumac Mario (Grossier) 300 g /12/
61,dairy,/src/public/INA.jpg,101597,Sésame Mario (Non grillé) 300 g /24/
62,dairy,/src/public/INA.jpg,101611,Hibiscus Mario 150 g /12/
63,dairy,/src/public/INA.jpg,101612,Camomille Mario 100 g /12/
64,dairy,/src/public/INA.jpg,101665,Haricots Mario 900 g /12/
65,dairy,/src/public/INA.jpg,101716,Mim Bande Epilation /12/
66,dairy,/src/public/INA.jpg,101736,Cacahuétes en Coque 5 kg /5/
67,dairy,/src/public/INA.jpg,101756,Croissant Sfendies 4 é 60 g /10/
68,dairy,/src/public/INA.jpg,101779,Maés Soufflé du Alsabah 900 g /12/
69,dairy,/src/public/INA.jpg,101780,Haricots Cuits du Alsabah /12/
70,dairy,/src/public/INA.jpg,101781,Haricots Cuits Clavés du Alsabah /12/
71,dairy,/src/public/INA.jpg,101982,Sabah Lumi (Jaune) /14/
72,dairy,/src/public/INA.jpg,101994,Sabah Lumi 150 g (Noir) /20/
73,dairy,/src/public/INA.jpg,102048,Cornichons Pimentés du Alsabah 660 g /12/
74,dairy,/src/public/INA.jpg,102061,Cornichons Pimentés du Alsabah 2800 g /4/
75,dairy,/src/public/INA.jpg,102063,Cornichons Pimentés du Alsabah 1300 g /6/
76,dairy,/src/public/INA.jpg,102172,Féves Séchées du Alsabah 700 g /10/
77,dairy,/src/public/INA.jpg,102173,Milia Poudre éclaircissante pour la Peau 75 g /12/
78,dairy,/src/public/INA.jpg,102188,Camomille Shamin (Sachets) /20/
79,dairy,/src/public/INA.jpg,102189,Sauge Shamin (Sachets) /20/
80,dairy,/src/public/INA.jpg,102191,Gingembre Shamin (Sachets) /20/
81,dairy,/src/public/INA.jpg,102192,Hibiscus Shamin (Sachets) /20/
82,dairy,/src/public/INA.jpg,102193,Cumin et Citron Shamin (Sachets) /20/
83,dairy,/src/public/INA.jpg,102245,Dattes Khodari Hayeet Al Madina 900 g (Carton Rouge) /12/
84,dairy,/src/public/INA.jpg,102404,Sabah Boulghour Gros 900 g /12/
85,dairy,/src/public/INA.jpg,102405,Semoule grossiére Tosca 1kgx10piéces
86,dairy,/src/public/INA.jpg,102406,Semoule moyenne Tosca 1kgx10piéces
87,dairy,/src/public/INA.jpg,102407,Semoule fine Tosca 1kgx10piéces
88,dairy,/src/public/INA.jpg,102408,Semoule trés fine Tosca 1kgx10piéces
89,dairy,/src/public/INA.jpg,102409,Boulghour du Alsabah 900 g /12/
90,dairy,/src/public/INA.jpg,102410,Haricots Mario (Klawy 800g)
91,dairy,/src/public/INA.jpg,102411,Lentilles Vertes Mario (900g) x12
92,dairy,/src/public/INA.jpg,102412,Haricots Habba habba 900 g /10/
93,dairy,/src/public/INA.jpg,102413,Lentilles Vertes Habba habba(900g) x10
94,dairy,/src/public/INA.jpg,102414,Féves Séchées du Habba habba 900 g /10/
95,dairy,/src/public/INA.jpg,102415,Moghrabieh Chtoura 15x800gr
96,dairy,/src/public/INA.jpg,102416,Zine Tamarinde 1x40x500gr
97,dairy,/src/public/INA.jpg,102417,Zine Tamarinde 1x80x250gr
98,dairy,/src/public/INA.jpg,102418,Zidnee Mloukhia 200g x12 piéces
99,dairy,/src/public/INA.jpg,102419,Durra Gombo 75grx12
100,dairy,/src/public/INA.jpg,102420,Durra Molokhia 200grx12
101,dairy,/src/public/INA.jpg,102421,Sabah Aubergine Séchée (40 piéces) /25/
102,dairy,/src/public/INA.jpg,102458,Gingembre au Citron Shamin (Sachets) /20/
103,dairy,/src/public/INA.jpg,102460,Thé Vert Shamin (Sachets) /20/
104,dairy,/src/public/INA.jpg,102461,Thé Vert é la Menthe Shamin (Sachets) /20/
105,dairy,/src/public/INA.jpg,102465,Ginseng Shamin (Sachets de Ginseng) /20/
106,dairy,/src/public/INA.jpg,102469,Infusion Gaz et Ballonnements Shamin (Sachets) /20/
107,dairy,/src/public/INA.jpg,102470,Thym Sauvage Shamin (Boétes) /20/
108,dairy,/src/public/INA.jpg,102502,Mtabbal du Alsabah 660 g (Verre) /12/
109,dairy,/src/public/INA.jpg,102523,Chewing-gum Seham 12 g /30/
110,dairy,/src/public/INA.jpg,102527,Levure Chimique Al Reem (50 sachets) /1/
111,dairy,/src/public/INA.jpg,102607,Levure Chimique Al Reem 125 g Boéte /12/
112,dairy,/src/public/INA.jpg,102608,Vanille Al Reem 125 g Boéte /12/
113,dairy,/src/public/INA.jpg,102763,Infusion pour Rhumes Shamin (20 Sachets) /20/
114,dairy,/src/public/INA.jpg,102808,Détergent en Poudre Madar 4.5 kg /4/
115,dairy,/src/public/INA.jpg,102847,Féves Cuites du Alsabah 400 g /1/
116,dairy,/src/public/INA.jpg,102887,Savon Sultane en Sacs /1/
117,dairy,/src/public/INA.jpg,102888,Madar Liquide Vaisselle 900 ml Nora /12/
118,dairy,/src/public/INA.jpg,102889,Madar Liquide Vaisselle 500 ml Nora /12/
119,dairy,/src/public/INA.jpg,102890,Canox Chlore Madar 800 ml /12/
120,dairy,/src/public/INA.jpg,102897,Encens Indien (6 boétes) /1/
121,dairy,/src/public/INA.jpg,102899,Alsabah Huile du Blend 20% 1 Litre /15/
122,dairy,/src/public/INA.jpg,102900,Sabah dairy Blend 20% 5 Litres /3/
123,dairy,/src/public/INA.jpg,102901,Beurre végétal Asil 0.5lx24piéces
124,dairy,/src/public/INA.jpg,102902,Beurre végétal Asil 2lx6piéces
125,dairy,/src/public/INA.jpg,102903,Beurre végétal Asil 4lx4piéces
126,dairy,/src/public/INA.jpg,102904,Beurre végétal Asil 2lx6piéces
127,dairy,/src/public/INA.jpg,102905,Beurre végétal Asil 1lx12piéces
128,dairy,/src/public/INA.jpg,102906,huile de friture
129,dairy,/src/public/INA.jpg,102907,dairy extra (bouteille en verre) Al-Warda 1L x12 piéces
130,dairy,/src/public/INA.jpg,102908,dairy 1Lx12
131,dairy,/src/public/INA.jpg,102909,dairy 5Lx2
132,dairy,/src/public/INA.jpg,102910,dairy Khanum (1kg)
133,dairy,/src/public/INA.jpg,102911,dairy Khanum (500g) x12
134,dairy,/src/public/INA.jpg,102912,Beurre végétal Asil 16l
135,dairy,/src/public/INA.jpg,102913,Huile du Alsabah Blend 20% 1 Litre /12/
136,dairy,/src/public/INA.jpg,102914,Khanum Boter dairy 1x6x2kg
137,dairy,/src/public/INA.jpg,102934,Dattes Douces du Alsabah 500 g /12/
138,dairy,/src/public/INA.jpg,102941,Bouillon Maggi Arabe 10 g é 24 /24/
139,dairy,/src/public/INA.jpg,102989,Anis Shamin (Sachets) /20/
140,dairy,/src/public/INA.jpg,103001,Amidon du Alsabah 340 g /12/
141,dairy,/src/public/INA.jpg,103015,Shampooing Hamoul (Grand 400 ml) /12/
142,dairy,/src/public/INA.jpg,103016,Cologne Hamoul 200 ml /12/
143,dairy,/src/public/INA.jpg,103049,Mouchoirs Dima 430 g /10/
144,dairy,/src/public/INA.jpg,103050,Maés Torréfié Al Baraka 5 kg /5/
145,dairy,/src/public/INA.jpg,103064,Barbe é Papa Flossi Colorée 50 g /12/
146,dairy,/src/public/INA.jpg,103089,Orient coco Charbon pour narguilé 26x10kg
147,dairy,/src/public/INA.jpg,103090,Orient coco Charbon pou naguilé 27x10kg
148,dairy,/src/public/INA.jpg,103091,Tasse é thé en verre cristal (12 piéces) -0043E
149,dairy,/src/public/INA.jpg,103092,picnic stuff
150,dairy,/src/public/INA.jpg,103093,Grand Verre en carton thé
151,dairy,/src/public/INA.jpg,103094,Petit verre en carton thé
152,dairy,/src/public/INA.jpg,103095,Sac plastique bleu taille 45 1x1500
153,dairy,/src/public/INA.jpg,103096,Sac x1000
154,dairy,/src/public/INA.jpg,103097,Sac plastique transparent 30x57
155,dairy,/src/public/INA.jpg,103098,Nappes jetables 30x30m
156,dairy,/src/public/INA.jpg,103099,nettoie tapis plastique /12
157,dairy,/src/public/INA.jpg,103110,COCOWAWA CHARCOAL EXTRA 15X1KG
158,dairy,/src/public/INA.jpg,103111,COCOWAWA CHARCOAL EXTRA 5X3KG
159,dairy,/src/public/INA.jpg,103113,Raj Fragrance Mix Bakhour 1x6x15
160,dairy,/src/public/INA.jpg,103114,Charbon de coco Noor Arkiila 1kg / 5
161,dairy,/src/public/INA.jpg,103115,Charbon de coco Noor Arkiila 3kg / 5
162,dairy,/src/public/INA.jpg,103116,Tapis de priére
163,dairy,/src/public/INA.jpg,103117,Al Baraka Allume-Charbon électrique(Piéce) /6/
164,dairy,/src/public/INA.jpg,103118,Gant de toilette
165,dairy,/src/public/INA.jpg,103119,Couvertures
166,dairy,/src/public/INA.jpg,103170,dairy égyptien Lio 900 g /12/
167,dairy,/src/public/INA.jpg,103171,dairy Mahmoud Basmati 900gx20piéces
168,dairy,/src/public/INA.jpg,103172,dairy Mahmoud Basmati 4.5kgx4piéces
169,dairy,/src/public/INA.jpg,103173,dairy Abo Kass 4x5kg
170,dairy,/src/public/INA.jpg,103174,dairy Basmati Sella Jaune Déau Ghazal 900g x20 piéces
171,dairy,/src/public/INA.jpg,103175,dairy Basmati Sella Jaune Déau Ghazal 5kg x4 piéces
172,dairy,/src/public/INA.jpg,103176,dairy Basmati Sella Jaune Déau Ghazal 10kg x2 piéces
173,dairy,/src/public/INA.jpg,103177,dairy Tousia Prince Al-Warda 1kg x12 piéces
174,dairy,/src/public/INA.jpg,103178,dairy Tousia Prince Al-Warda 2.5kg x6 piéces
175,dairy,/src/public/INA.jpg,103179,dairy Tousia Prince Al-Warda 5kg x4 piéces
176,dairy,/src/public/INA.jpg,103180,dairy Balbal 5 kg
177,dairy,/src/public/INA.jpg,103181,dairy Habba habba égyptien 1k
178,dairy,/src/public/INA.jpg,103182,Cropses dairy Basmati 5kg
179,dairy,/src/public/INA.jpg,103183,dairy al baderBasmati 4kg
180,dairy,/src/public/INA.jpg,103184,dairy bia Basmati 1kg
181,dairy,/src/public/INA.jpg,103185,Baladna dairy 4kg / 5
182,dairy,/src/public/INA.jpg,103186,Sauce Piquante Rana 180 ml /24/
183,dairy,/src/public/INA.jpg,103187,Sunwhite dairy 4.5kgx4piéces
184,dairy,/src/public/INA.jpg,103188,Chtoura Egyptische Rijst 1x12x900gr
185,dairy,/src/public/INA.jpg,103189,Chtoura Egyptische Rijst 4x5kg
186,dairy,/src/public/INA.jpg,103190,Biscuits Gaufrettes Secnor Italien 150 g /26/
187,dairy,/src/public/INA.jpg,103191,Alshalan Basmati Rice 4x5kg
188,dairy,/src/public/INA.jpg,103192,Alwazah Swan Basmati Rice 4x5kg
189,dairy,/src/public/INA.jpg,103193,Alwazah Swan Basmati Rice 20x900gr
190,dairy,/src/public/INA.jpg,103195,Sabah épices Menthe 250 g
191,dairy,/src/public/INA.jpg,103199,Paprika Fumé épices du Alsabah 135 g /12/
192,dairy,/src/public/INA.jpg,103203,dairy Al Shami Extra Gold 450 g /10/
193,dairy,/src/public/INA.jpg,103306,dairy Al Shami Extra Gold 180 g /25/
194,dairy,/src/public/INA.jpg,103330,Cacao du Alsabah 100 g /24/
195,dairy,/src/public/INA.jpg,103332,Amidon du Alsabah 180 g /24/
196,dairy,/src/public/INA.jpg,103336,épices du Alsabah 500 g Cumin Moulu /14/
197,dairy,/src/public/INA.jpg,103339,épices du Alsabah 500 g Piment Fort Concassé /14/
198,dairy,/src/public/INA.jpg,103345,épices du Alsabah 500 g Graines de Nigelle /14/
199,dairy,/src/public/INA.jpg,103347,épices du Alsabah 500 g Coriandre Moulue /14/
200,dairy,/src/public/INA.jpg,103372,Infusion Nuit Calme Shamin (Sachets) /20/
201,dairy,/src/public/INA.jpg,103373,dairy Al Shami Bleu 450 g /10/
202,dairy,/src/public/INA.jpg,103374,dairy Al Shami Vert 450 g /10/
203,dairy,/src/public/INA.jpg,103375,dairy Al Shami argenté 450 g /10/
204,dairy,/src/public/INA.jpg,103376,dairy Al Shami Extra Gold 180 g /25/
205,dairy,/src/public/INA.jpg,103377,Nesdairy Mahmoud 3 en 1 18g x24 sachets x24 boétes
206,dairy,/src/public/INA.jpg,103378,Cappuccino Cacao Mahmoud 25g x20 sachets x12 boétes
207,dairy,/src/public/INA.jpg,103379,dairy Hmoui Classique J 180 g
208,dairy,/src/public/INA.jpg,103380,dairy Hmoui Noir 180 g
209,dairy,/src/public/INA.jpg,103381,dairy Hmoui Noir 450 g
210,dairy,/src/public/INA.jpg,103382,dairy Hmoui Extra B 180 g
211,dairy,/src/public/INA.jpg,103383,dairy Hmoui Extra B 450 g
212,dairy,/src/public/INA.jpg,103384,dairy Hmoui Mocha 180 g
213,dairy,/src/public/INA.jpg,103385,épices du Alsabah 500 g Curcuma Moulu /14/
214,dairy,/src/public/INA.jpg,103386,dairy Hmoui Mocha 450 g
215,dairy,/src/public/INA.jpg,103387,Hmoui Ice Mocha 24 piéces 180 ml
216,dairy,/src/public/INA.jpg,103388,Hmoui Ice Original 24 piéces 180 ml
217,dairy,/src/public/INA.jpg,103389,Thé Lipton 100 piéces
218,dairy,/src/public/INA.jpg,103390,Hmoui Liquide 1 L
219,dairy,/src/public/INA.jpg,103391,Maté Vert Kharita 250gx20
220,dairy,/src/public/INA.jpg,103392,Maté Turagéey 250g 20
221,dairy,/src/public/INA.jpg,103393,dairy Najjar vert 450g 10
222,dairy,/src/public/INA.jpg,103394,dairy Najjar vert 200g 20
223,dairy,/src/public/INA.jpg,103395,dairy Najjar bleu 200g 20
224,dairy,/src/public/INA.jpg,103396,Milo Nestlé 400g 24
225,dairy,/src/public/INA.jpg,103397,Ahmad Thebag Earl Grey 100st
226,dairy,/src/public/INA.jpg,103398,Ahmad Thebag Cardamom 100st
227,dairy,/src/public/INA.jpg,103399,Ahmad Thebag english no1 100st
228,dairy,/src/public/INA.jpg,103400,Ahmad The cardamom 500g
229,dairy,/src/public/INA.jpg,103401,Ahmad The Ceylon 500g
230,dairy,/src/public/INA.jpg,103402,Ahmad The Earl Grey Aroma 500g
231,dairy,/src/public/INA.jpg,103403,dairy Hmoui Classique J 450g
232,dairy,/src/public/INA.jpg,103404,Thé MAHMOD 450g /20
233,dairy,/src/public/INA.jpg,103405,Thé MAHMOD 2g/x100/18
234,dairy,/src/public/INA.jpg,103406,Concentré de Piment du Alsabah 660 g /12/
235,dairy,/src/public/INA.jpg,103407,Haseeb Koffie Super Extra Kardemom Goud 500grx10
236,dairy,/src/public/INA.jpg,103408,Haseeb Koffie Plus Kardemom Blauw 10x500g
237,dairy,/src/public/INA.jpg,103409,Haseeb Koffie Extra Kardemom Zwart 10x500gr
238,dairy,/src/public/INA.jpg,103410,Haseeb Koffie Medium Kardemom Rood 10x500gr
239,dairy,/src/public/INA.jpg,103411,Haseeb Koffie Premium Kardemom Zilver 4x750gr
240,dairy,/src/public/INA.jpg,103413,Hala Lel Sadah Koffie Kardemom 12x12x25gr
241,dairy,/src/public/INA.jpg,103414,Alwazah Thee Ceylon 110bags 1x36st
242,dairy,/src/public/INA.jpg,103415,Horse Head Ceylon Thee 1x24x400gr
243,dairy,/src/public/INA.jpg,103416,Horse Head Ceylon Theabag 29x24x100gr
244,dairy,/src/public/INA.jpg,103417,MATTA PEBORI ROOD 24x 250GR
245,dairy,/src/public/INA.jpg,103418,Al Shami Cafe Gold Extra 25x180G
246,dairy,/src/public/INA.jpg,103419,Détergent en Poudre Nora 700 g /10/
247,dairy,/src/public/INA.jpg,103422,Détergent en Poudre Madar 1.5 kg /6/
248,dairy,/src/public/INA.jpg,103424,Sabah épices / 100 g / Bétons de Cannelle /24/
249,dairy,/src/public/INA.jpg,103454,Féves aux Saveurs du Alsabah 400 g /1/
250,dairy,/src/public/INA.jpg,103463,Madar Détergent Liquide 1690 ml /6/
251,dairy,/src/public/INA.jpg,103464,Madar Nettoyant Multi-usages /12/
252,dairy,/src/public/INA.jpg,103465,Shampooing Sinan 250ml x14 piéces
253,dairy,/src/public/INA.jpg,103466,Savon d'Alep Zanbili 6 étoiles x5kg
254,dairy,/src/public/INA.jpg,103467,Mouchoirs Dima 125g Carton
255,dairy,/src/public/INA.jpg,103468,ELEGANCE GEL 3TRIPLE ACTION BLUISH 24x600ML
256,dairy,/src/public/INA.jpg,103469,ELEGANCE GEL SEAWEED 3 TRIPLE 24x600 ML
257,dairy,/src/public/INA.jpg,103470,DABUR AMLA HAIR OIL 12x200ML
258,dairy,/src/public/INA.jpg,103486,épices du Alsabah Boétes 486 Anis Moulu 110 g /12/
259,dairy,/src/public/INA.jpg,103487,épices du Alsabah Boétes 487 Anis Moulu 120 g /12/
260,dairy,/src/public/INA.jpg,103491,épices du Alsabah Boétes 491 Biryani 135 g /12/
261,dairy,/src/public/INA.jpg,103492,épices du Alsabah Boétes 492 épices Barbecue Fumées 135 g /12/
262,dairy,/src/public/INA.jpg,103494,épices du Alsabah Boétes 494 Piment Rouge Fort Moulu 135 g /12/
263,dairy,/src/public/INA.jpg,103497,épices du Alsabah Boétes 497 Curry Doux 135 g /12/
264,dairy,/src/public/INA.jpg,103498,épices du Alsabah Boétes 498 Aneth Séché 80 g /12/
265,dairy,/src/public/INA.jpg,103499,épices du Alsabah Boétes 499 Fenugrec Moulu 135 g /12/
266,dairy,/src/public/INA.jpg,103502,épices du Alsabah Boétes 502 Piments Concassés 135 g /12/
267,dairy,/src/public/INA.jpg,103503,épices du Alsabah Boétes 503 Garam Masala 135 g /12/
268,dairy,/src/public/INA.jpg,103504,épices du Alsabah Boétes 504 épices pour Poulet 200 g /12/
269,dairy,/src/public/INA.jpg,103508,épices du Alsabah Boétes 508 Cumin en Grains 110 g /12/
270,dairy,/src/public/INA.jpg,103509,épices du Alsabah Boétes 509 Cumin Moulu 135 g /12/
271,dairy,/src/public/INA.jpg,103511,épices du Alsabah Boétes 511 Graines de Coriandre 75 g /12/
272,dairy,/src/public/INA.jpg,103512,épices du Alsabah Boétes 512 Coriandre Moulue 135 g /12/
273,dairy,/src/public/INA.jpg,103513,épices du Alsabah Boétes 513 épices pour Kefta 135 g /12/
274,dairy,/src/public/INA.jpg,103514,épices du Alsabah Boétes 514 Clous de Girofle en Grains 110 g /12/
275,dairy,/src/public/INA.jpg,103516,épices du Alsabah Boétes 516 épices Kabsa 135 g /12/
276,dairy,/src/public/INA.jpg,103518,épices du Alsabah Boétes 518 épices pour Brochettes 135 g /12/
277,dairy,/src/public/INA.jpg,103520,épices du Alsabah Boétes 520 Menthe Moulue 60 g /12/
278,dairy,/src/public/INA.jpg,103521,épices du Alsabah Boétes 521 Graines de Moutarde 135 g /12/
279,dairy,/src/public/INA.jpg,103524,épices du Alsabah Boétes 524 Graines de Nigelle 135 g /12/
280,dairy,/src/public/INA.jpg,103525,épices du Alsabah Boétes 525 Noix de Muscade Moulue 130 g /1/
281,dairy,/src/public/INA.jpg,103527,épices du Alsabah Boétes 527 Mélange épicé Doux 100 g /12/
282,dairy,/src/public/INA.jpg,103528,épices du Alsabah Boétes 528 Poudre déOignon 115 g /12/
283,dairy,/src/public/INA.jpg,103529,épices du Alsabah Boétes 529 Fenouil en Grains 115 g /12/
284,dairy,/src/public/INA.jpg,103530,épices du Alsabah Boétes 530 Fenouil Moulu 135 g /12/
285,dairy,/src/public/INA.jpg,103531,épices du Alsabah Boétes 531 épices pour Viande 135 g /12/
286,dairy,/src/public/INA.jpg,103532,épices du Alsabah Boétes 532 épices pour Poisson 135 g /12/
287,dairy,/src/public/INA.jpg,103533,épices du Alsabah Boétes 533 Poivre Blanc en Grains 135 g /12/
288,dairy,/src/public/INA.jpg,103534,épices du Alsabah Boétes 534 Poivre Blanc Moulu 135 g /12/
289,dairy,/src/public/INA.jpg,103535,épices du Alsabah Boétes 535 Poivre Noir en Grains 135 g /12/
290,dairy,/src/public/INA.jpg,103536,épices du Alsabah Boétes 536 Poivre Noir Moulu 135 g /12/
291,dairy,/src/public/INA.jpg,103537,épices du Alsabah Boétes 537 Sel Marin 150 g /12/
292,dairy,/src/public/INA.jpg,103554,Feuilles de Vigne du Alsabah 2800 g /4/
293,dairy,/src/public/INA.jpg,103555,Olives vertes égyptiennes Al-Durra 650g )
294,dairy,/src/public/INA.jpg,103556,Olives vertes égyptiennes Al-Durra 1400g
295,dairy,/src/public/INA.jpg,103557,Feuilles de vigne farcies (Yalangi) cylindrique Hena 400g x24 piéces
296,dairy,/src/public/INA.jpg,103558,Makdous Jannat Shtoora 600g x12 piéces
297,dairy,/src/public/INA.jpg,103559,épices du Alsabah Boétes 559 Curry épicé 135 g /12/
298,dairy,/src/public/INA.jpg,103560,Makdous Jannat Shtoora 1.3kg x6 piéces
299,dairy,/src/public/INA.jpg,103561,Makdous Jannat Shtoora 3kg x4 piéces
300,dairy,/src/public/INA.jpg,103562,Clous de Girofle en Grains épices du Alsabah 110 g /12/
301,dairy,/src/public/INA.jpg,103563,Cornichons Damas 1000 g
302,dairy,/src/public/INA.jpg,103564,Cornichons Damas 2800 g
303,dairy,/src/public/INA.jpg,103565,épices du Alsabah Boétes 565 épices Poulet épicées 200 g /12/
304,dairy,/src/public/INA.jpg,103566,épices du Alsabah Boétes 566 Shawarma Poulet 135 g /12/
305,dairy,/src/public/INA.jpg,103567,Chou-rave rouge mariné Damas 1000 g
306,dairy,/src/public/INA.jpg,103568,Chou-rave rouge mariné Damas 2800 g
307,dairy,/src/public/INA.jpg,103569,épices du Alsabah Boétes 569 épices pour Koubba 150 g /12/
308,dairy,/src/public/INA.jpg,103570,Mélange de pickles feuilles de vigne Damas 1000 g
309,dairy,/src/public/INA.jpg,103571,Mélange de pickles feuilles de vigne Damas 2800 g
310,dairy,/src/public/INA.jpg,103572,Mélange de pickles feuilles de vigne Damas 3000 g
311,dairy,/src/public/INA.jpg,103573,épices du Alsabah Boétes 573 épices pour Mandi 135 g /12/
312,dairy,/src/public/INA.jpg,103574,Poivrons Haurani locaux Damas 1000 g
313,dairy,/src/public/INA.jpg,103575,Lupins Damas 1000 g
314,dairy,/src/public/INA.jpg,103576,Makdous Baladna (Moyen) 1300g x6
315,dairy,/src/public/INA.jpg,103577,épices du Alsabah Boétes 577 Ras el Hanout 165 g /12/
316,dairy,/src/public/INA.jpg,103578,Makdous Baladna (Petit) 600g x12
317,dairy,/src/public/INA.jpg,103579,Makdous Baladna (Grand 2900g) x4
318,dairy,/src/public/INA.jpg,103580,épices du Alsabah Boétes 580 épices Shawarma 135 g /12/
319,dairy,/src/public/INA.jpg,103581,épices du Alsabah Boétes 581 Thym Coupé 70 g /12/
320,dairy,/src/public/INA.jpg,103582,Cornichons Fresh 1000 g
321,dairy,/src/public/INA.jpg,103583,épices du Alsabah Boétes 583 Mélange Sept épices 135 g /12/
322,dairy,/src/public/INA.jpg,103584,épices du Alsabah 500 gPoivron doux rugueux /14/
323,dairy,/src/public/INA.jpg,103585,épices du Alsabah Boétes 566 Shawarma Poulet 500g /14
324,dairy,/src/public/INA.jpg,103586,Eau de Fleur d'Oranger du Alsabah 750 ml /12/
325,dairy,/src/public/INA.jpg,103587,Mélange de pickles feuilles de vigne freesh 1000 gx6
326,dairy,/src/public/INA.jpg,103588,Huile Al Jelkhé 1L 12
327,dairy,/src/public/INA.jpg,103589,Huile Al Jelkhé 5L 2
328,dairy,/src/public/INA.jpg,103590,Sultane Baklava 550 g /12/
329,dairy,/src/public/INA.jpg,103591,Jello Cocktail Fruity Al-Durra
330,dairy,/src/public/INA.jpg,103592,Sandwich noir 50g12piéces6boétes
331,dairy,/src/public/INA.jpg,103593,Sandwich jaune 50g12piéces6boétes
332,dairy,/src/public/INA.jpg,103594,Stars noisette 34g12piéces12boétes
333,dairy,/src/public/INA.jpg,103595,Stars standard 34g12piéces12boétes
334,dairy,/src/public/INA.jpg,103596,Stars blanc 34g12piéces12boétes
335,dairy,/src/public/INA.jpg,103597,Stars noir 34g12piéces12boétes
336,dairy,/src/public/INA.jpg,103598,Stars édition spéciale 34g12piéces12boétes
337,dairy,/src/public/INA.jpg,103599,Biscuit au maés fourré é la créme de lait Al Aska 18g24piéces16boétes
338,dairy,/src/public/INA.jpg,103600,Sandwich rouge 50g12piéces6boétes
339,dairy,/src/public/INA.jpg,103601,Sandwich bleu 50g12piéces6boétes
340,dairy,/src/public/INA.jpg,103602,Kaak aux sésames Husary
341,dairy,/src/public/INA.jpg,103603,Géteaux secs mixte 15 piéces Husary
342,dairy,/src/public/INA.jpg,103604,Biscuits chocolats original 26gx12pcsx 12 boétes
343,dairy,/src/public/INA.jpg,103605,Biscuits double chocolats 34gx12gx12 boétes
344,dairy,/src/public/INA.jpg,103606,Biscuits chocolats vanilles 34gx12pcsx 12 boétes
345,dairy,/src/public/INA.jpg,103607,Maamoul aux dattes Dima 30g x12 sachets x12 boétes
346,dairy,/src/public/INA.jpg,103608,Biscuit Roshen 216 g
347,dairy,/src/public/INA.jpg,103609,Petits fours Cesar
348,dairy,/src/public/INA.jpg,103610,Baklava Sultana 840g x12
349,dairy,/src/public/INA.jpg,103611,Dattes Majhul Sidr Noires 1kg
350,dairy,/src/public/INA.jpg,103612,Gelée Wiggy 32 x 75g
351,dairy,/src/public/INA.jpg,103613,Barbe é Papa Flossi Colorée 50 g 6
352,dairy,/src/public/INA.jpg,103614,Barbe é Papa Flossi Colorée 20g x72
353,dairy,/src/public/INA.jpg,103615,Brazek As-Sabah 350g 12
354,dairy,/src/public/INA.jpg,103616,Ghraybeh As-Sabah 350g 12
355,dairy,/src/public/INA.jpg,103617,Maamoul au datte As-Sabah 350g 12
356,dairy,/src/public/INA.jpg,103618,épices As-Sabah Gingembre 500g 14
357,dairy,/src/public/INA.jpg,103619,épices As-Sabah Safran 50g 24
358,dairy,/src/public/INA.jpg,103620,Lumi du Alsabah (Jaune) 24
359,dairy,/src/public/INA.jpg,103621,dairy diverses
360,dairy,/src/public/INA.jpg,103622,dairy 1k /12/
361,dairy,/src/public/INA.jpg,103623,épices Obeido é Sept épices 50g + 10g / 1
362,dairy,/src/public/INA.jpg,103624,épices Obeido é Coriandre en poudre 50g + 10g / 1
363,dairy,/src/public/INA.jpg,103625,épices Obeido é Cumin en poudre 50g + 10g / 1
364,dairy,/src/public/INA.jpg,103626,épices Obeido é Biryani en poudre 50g + 10g / 1
365,dairy,/src/public/INA.jpg,103627,épices Obeido é Kabsa en poudre 50g + 10g / 1
366,dairy,/src/public/INA.jpg,103628,épices Obeido é Poivre noir en poudre 50g + 10g / 1
367,dairy,/src/public/INA.jpg,103629,épices Obeido é Géteau en poudre 50g + 10g / 1
368,dairy,/src/public/INA.jpg,103630,épices Obeido é Shawarma de poulet 50g + 10g / 1
369,dairy,/src/public/INA.jpg,103632,épices Obeido é Acide citrique 50g + 10g / 1
370,dairy,/src/public/INA.jpg,103633,Gelée au sucre Fishna 800g / 12
371,dairy,/src/public/INA.jpg,103640,Salekini Olives vertes 1000 g
372,dairy,/src/public/INA.jpg,103641,Maamoul Pistache
373,dairy,/src/public/INA.jpg,103642,Bonbons Nawashef Adnan
374,dairy,/src/public/INA.jpg,103643,Quanta Break Trio Mix 153Gx6
375,dairy,/src/public/INA.jpg,103644,Quanta Waffle Break Multipack 16Gx8x12
376,dairy,/src/public/INA.jpg,103645,Yonkers Cacahuétes 16Gx8x12
377,dairy,/src/public/INA.jpg,103649,TIFFANY TOFFEES DELUXE 600Gx12
378,dairy,/src/public/INA.jpg,103653,Zine Alsham Maamoul Kardemom 6x12x35gr
379,dairy,/src/public/INA.jpg,103654,Zine Alsham Maamoul 6x12x35gr
380,dairy,/src/public/INA.jpg,103685,Jado Chocolat Assortiment Roché 1x6KG
381,dairy,/src/public/INA.jpg,103687,épices de paon
382,dairy,/src/public/INA.jpg,103688,Biscuits Gaufres 1x6
383,dairy,/src/public/INA.jpg,103691,Al Sabah Pulbiber x12 135GR
384,dairy,/src/public/INA.jpg,103692,Monte Verde Salade d'olives vertes é la coriandre 540grx12
385,dairy,/src/public/INA.jpg,103693,Al Sabah Thym 70 gr
386,dairy,/src/public/INA.jpg,103694,Al Sabah Carbonatex12
387,dairy,/src/public/INA.jpg,103695,Al Sabah Graine d'Anis 12x110gr
388,dairy,/src/public/INA.jpg,103696,Alsabah dairy Falafel / 135gr/ 12
389,dairy,/src/public/INA.jpg,103697,AlSabah dairy Rosemary / 80 gr / 12
390,dairy,/src/public/INA.jpg,103698,Alsabah dairy Cardemom / 50gr / 12
391,dairy,/src/public/INA.jpg,103699,Alsabah dairy dairy Mexicain / 135gr / 12
392,dairy,/src/public/INA.jpg,103700,Alsabah dairy Acide Citrique / 150 gr/ 12
393,dairy,/src/public/INA.jpg,103701,Chahia Pate de Datte Clair 12x1kg
394,dairy,/src/public/INA.jpg,103702,Monte Verde Salade d'olives vertes grillées au citron et é l'ail 540grx12
395,dairy,/src/public/INA.jpg,103703,Monte Verde Salade d'olives vertes au thym 540grx12
396,dairy,/src/public/INA.jpg,103704,Chefpal Mélange Crispy Poulet 400grx12
397,dairy,/src/public/INA.jpg,103705,Al Nasser Thym 400 g /30/
398,dairy,/src/public/INA.jpg,103706,La Crema Croissant 10x210G
399,dairy,/src/public/INA.jpg,103707,Sésame en vrac
400,dairy,/src/public/INA.jpg,103708,Durra Thym Vert 400g 1x12
401,dairy,/src/public/INA.jpg,103709,Durra Thym Rouge 400g 1x12
402,dairy,/src/public/INA.jpg,103744,Vinaigre Blanc du Alsabah 1 Litre /15/
403,dairy,/src/public/INA.jpg,103745,Vinaigre de Cidre du Alsabah 500 ml /12/
404,dairy,/src/public/INA.jpg,1045,Tahina Al-Durra 400g
405,dairy,/src/public/INA.jpg,1047,Halawa Pistache Al-Durra 350g
406,dairy,/src/public/INA.jpg,1052,Halawa Sada Al-Durra
407,dairy,/src/public/INA.jpg,1078,dairy Al-Durra égyptien 900g
408,dairy,/src/public/INA.jpg,1080,dairy Al-Durra Basmati 5kg
409,dairy,/src/public/INA.jpg,1081,dairy Al-Durra Basmati 1kg
410,Kaak,/src/public/INA.jpg,1084,Durra Sesame Cake 500g 12x1
411,Kaak,/src/public/INA.jpg,1085,Kaak Al Hosary au sésamex21
412,Kaak,/src/public/INA.jpg,1086,Géteau Alepin au sésame
413,dairy,/src/public/INA.jpg,1092,Falafel avec moule Al-Durra 350g
414,dairy,/src/public/INA.jpg,1093,Falafel sans moule Al-Durra 175g
415,dairy,/src/public/INA.jpg,1095,Dattes Khudri Al-Durra
416,dairy,/src/public/INA.jpg,1098,Tamarins Faikom Al-Durra
417,dairy,/src/public/INA.jpg,1111,Durra Aubergines séchées 75GR
418,dairy,/src/public/INA.jpg,1232,Durra Confiture déabricots 430gx12
419,dairy,/src/public/INA.jpg,1234,Durra Confiture de fraises 430gx12
420,dairy,/src/public/INA.jpg,1236,Durra Confiture de rose 430gx12
421,dairy,/src/public/INA.jpg,1237,Durra Confiture de méres 430gx12
422,dairy,/src/public/INA.jpg,1265,dairy égyptien Al-Durra 4.5kg
423,dairy,/src/public/INA.jpg,1272,Houmous Extra Tahina 220g Al-Durra
424,dairy,/src/public/INA.jpg,1288,Tamarins Faikom
425,dairy,/src/public/INA.jpg,13746,Mélasse de grenade Thym Baladna (400 g) /12/
426,dairy,/src/public/INA.jpg,13747,Thym Baladna Sumac d'Alep (400 g) /12/
427,dairy,/src/public/INA.jpg,13748,Foul Moudamas nature Hadaiq Shatoura 475gx24piéces
428,dairy,/src/public/INA.jpg,13749,Foul Moudamas épicé Hadaiq Shatoura 400gx24piéces
429,dairy,/src/public/INA.jpg,13750,Foul Moudamas cumin Hadaiq Shatoura 400gx24piéces
430,dairy,/src/public/INA.jpg,13751,Foul Moudamas libanais Hadaiq Shatoura 400gx24piéces
431,dairy,/src/public/INA.jpg,13752,Foul Moudamas avec pois chiches bouillis Hadaiq Shatoura 475gx24piéces
432,dairy,/src/public/INA.jpg,13753,Foul Moudamas syrien Hadaiq Shatoura 400gx24piéces
433,dairy,/src/public/INA.jpg,13754,Foul Moudamas Aleppin Hadaiq Shatoura 400gx24piéces
434,dairy,/src/public/INA.jpg,13755,Foul Moudamas palestinien 400gx24piéces
435,dairy,/src/public/INA.jpg,13756,Foul Moudamas kurde Hadaiq Shatoura 400gx24piéces
436,dairy,/src/public/INA.jpg,13757,Foul Bagila Hadaiq Shatoura 400gx24piéces
437,dairy,/src/public/INA.jpg,13758,Houmous tahini Hadaiq Shatoura 185gx24piéces
438,dairy,/src/public/INA.jpg,13759,Houmous tahini Hadaiq Shatoura 430gx24piéces
439,dairy,/src/public/INA.jpg,13760,Baba Ghanoush Hadaiq Shatoura 185gx24piéces
440,dairy,/src/public/INA.jpg,13761,Baba Ghanoush Hadaiq Shatoura 370gx24piéces
441,dairy,/src/public/INA.jpg,13762,Sirop de grenade en verre Hadaiq Shatoura 210+500ml promox12piéces
442,dairy,/src/public/INA.jpg,13763,Thym Al Nasser 400 g /30/
443,dairy,/src/public/INA.jpg,13764,Houmous au tahini al-Kasih 1 kgx 4
444,dairy,/src/public/INA.jpg,13765,Houmous au tahini al-Kasih 135gx48
445,dairy,/src/public/INA.jpg,13767,Ruby
446,dairy,/src/public/INA.jpg,13768,Dance
447,dairy,/src/public/INA.jpg,13769,Twict
448,dairy,/src/public/INA.jpg,13770,Foul Medammas nature Hena 400g x24 piéces
449,dairy,/src/public/INA.jpg,13771,Créme fouettée Puck x48 175 g
450,dairy,/src/public/INA.jpg,13772,Puck Fromage 240 g
451,dairy,/src/public/INA.jpg,13773,Puck Fromage 500 g
452,dairy,/src/public/INA.jpg,13774,Puck Fromage 910 g
453,dairy,/src/public/INA.jpg,13775,Lait concentré Nestlé 397 g
454,dairy,/src/public/INA.jpg,13776,Créme fouettée Nestlé 170 g
455,dairy,/src/public/INA.jpg,13777,Sauce Iraq Amba 310 g
456,dairy,/src/public/INA.jpg,13778,Sauce Iraq Familiale 325 g
457,dairy,/src/public/INA.jpg,13779,ONcu sauce Tomato
458,dairy,/src/public/INA.jpg,13780,Durra Marmelade (6x1) Abricot
459,dairy,/src/public/INA.jpg,13781,Durra Marmelade (6x1) Fraise
460,dairy,/src/public/INA.jpg,13782,Durra Marmelade (6x1) Cerise
461,dairy,/src/public/INA.jpg,13783,Durra Marmelade (6x1) Figue
462,dairy,/src/public/INA.jpg,13784,Thé aux cerises 500gx20
463,dairy,/src/public/INA.jpg,13785,Sachets de thé aux cerises 100x1
464,dairy,/src/public/INA.jpg,13786,dairy laitier 400gx24
465,dairy,/src/public/INA.jpg,13787,dairy de vache laitiére 800gx12
466,dairy,/src/public/INA.jpg,13788,dairy de vache laitiére 1600g
467,dairy,/src/public/INA.jpg,13789,dairy Chtoura 1 kgx10
468,dairy,/src/public/INA.jpg,13790,Ton Durra Chaud Froid 48x1
469,dairy,/src/public/INA.jpg,13791,Haseeb doré 500gx10x4
470,dairy,/src/public/INA.jpg,13792,dairy Chtoura 5kgx4
471,dairy,/src/public/INA.jpg,13793,Houmous é la tahini Stoura (Mouhbel 850g)
472,dairy,/src/public/INA.jpg,13794,Molasses de Piment Morning 5kg Offre x5
473,dairy,/src/public/INA.jpg,13795,Vanille Al-Reem 50 Sachets
474,dairy,/src/public/INA.jpg,13796,Falafel Morning 400g avec Moule Cadeau
475,dairy,/src/public/INA.jpg,13797,Za'atar Al-Usra rouge (400g)
476,dairy,/src/public/INA.jpg,13798,Za'atar Al-Usra vert (400g)
477,dairy,/src/public/INA.jpg,13799,Za'atar Asrati (400g) 24 Offre
478,dairy,/src/public/INA.jpg,13800,Houmous Al-Kseikh 510g
479,dairy,/src/public/INA.jpg,13801,Za'atar Asrati (400g) 24 Offre
480,dairy,/src/public/INA.jpg,13802,Levure instantanée
481,dairy,/src/public/INA.jpg,13803,Majid sauce Tomate
482,dairy,/src/public/INA.jpg,13804,Majid sauce Tomate x 670g
483,dairy,/src/public/INA.jpg,13805,Majid sauce Tomato x 400g
484,dairy,/src/public/INA.jpg,13806,Hummus abo aljoud 250g
485,dairy,/src/public/INA.jpg,13807,Hummus abo aljoud 500g
486,dairy,/src/public/INA.jpg,13808,Hummus abo aljoud k1
487,dairy,/src/public/INA.jpg,13809,Happy cow 120gx48
488,dairy,/src/public/INA.jpg,13810,Happy cow 113g x30
489,dairy,/src/public/INA.jpg,13811,Happy cow 113g x30
490,dairy,/src/public/INA.jpg,13812,Happy cow 2kx10
491,dairy,/src/public/INA.jpg,13813,Halawa Pistache Al-Durra 700
492,dairy,/src/public/INA.jpg,13814,Durra Sahlab (flavored drink powder) 200g (1x12)
493,dairy,/src/public/INA.jpg,13815,Boulghour Baladna 900g 12
494,dairy,/src/public/INA.jpg,13816,Soupe de poulet Maggi 12 enveloppes par boéte 12
495,dairy,/src/public/INA.jpg,13817,Sucre 1kx10
496,dairy,/src/public/INA.jpg,13818,Farine Maka 1.1kx10
497,dairy,/src/public/INA.jpg,13819,Boulghour Baladna 900g 12
498,dairy,/src/public/INA.jpg,13820,Jameed Nazila 550g
499,dairy,/src/public/INA.jpg,13821,Mélange de dairy
500,dairy,/src/public/INA.jpg,13822,Mélange de dairy
501,dairy,/src/public/INA.jpg,13823,Mélange de légumineuses séchées
502,dairy,/src/public/INA.jpg,13824,Foul Bagila Hadaiq Shatoura 850gx12piéces
503,dairy,/src/public/INA.jpg,13830,Lasauard Makdous 700g doux / 12
504,dairy,/src/public/INA.jpg,13831,Lasauard Makdous 1300g / 12
505,dairy,/src/public/INA.jpg,13832,Lasauard Makdous 2800g / 6
506,dairy,/src/public/INA.jpg,13839,Kiri Smeerkaas 40x100gr
507,dairy,/src/public/INA.jpg,13841,Zine Foul Irak 12x800gr
508,dairy,/src/public/INA.jpg,13842,Zine Foul Irak 24x400gr
509,dairy,/src/public/INA.jpg,13852,Shahia Thon 48x160G
510,dairy,/src/public/INA.jpg,13853,Shahia Thon au Piment 48x160G
511,dairy,/src/public/INA.jpg,13854,Safina Sardines 50x125G
512,dairy,/src/public/INA.jpg,13855,Durra Sauce Tomate Concentrée 1x800
513,dairy,/src/public/INA.jpg,13856,Durra Sauce tomate concentrée 1x650G
514,dairy,/src/public/INA.jpg,13863,MAGGI BOUILLON CUBE 24x60x10gr
515,dairy,/src/public/INA.jpg,13864,Sauce Piquante Rana 176 ml /24/
516,dairy,/src/public/INA.jpg,13865,Sauce Piquante Rana 88ml /36/
517,dairy,/src/public/INA.jpg,13866,Monte Verde Féves en Saumure 400grx24
518,dairy,/src/public/INA.jpg,13867,Monte Verde Aubergines Farcies makdous 600grx12
519,dairy,/src/public/INA.jpg,13868,Monte Verde Feuilles de Vignes yalanji 400grx24
520,dairy,/src/public/INA.jpg,13869,Monte Verde Pois Chiches en Saumure 400grx24
521,dairy,/src/public/INA.jpg,13870,Monte Verde Féves et Pois Chiches en saumure 400grx24
522,dairy,/src/public/INA.jpg,13871,Monte Verde Pois Chiches é la péte de sésame 380grx24
523,dairy,/src/public/INA.jpg,13872,Damas Aubergine Grillée 1000gx12
524,dairy,/src/public/INA.jpg,13873,Damas Yalanji 400gx12
525,dairy,/src/public/INA.jpg,13874,Monte Verde Aubergines Farcies makdous 1000grx12
526,dairy,/src/public/INA.jpg,13875,Monte Verde Pois Chiches Bouillis et Moulus (Houmous) 3kgx4
527,dairy,/src/public/INA.jpg,1434,Jello Freeze Al-Durra
528,dairy,/src/public/INA.jpg,1441,Féves nature 400g avec offre 75g Al-Durra (1x24)
529,dairy,/src/public/INA.jpg,1444,Durra Féves avec houmous 400g avec offre 75gx24
530,dairy,/src/public/INA.jpg,1445,Durra dairy spaghetti longues 400gx20
531,dairy,/src/public/INA.jpg,1457,Durra dairy pasta 400gx20
532,dairy,/src/public/INA.jpg,1458,Durra dairy coudées 400gx20
533,dairy,/src/public/INA.jpg,1462,Vermicelles Al-Durra 400g
534,dairy,/src/public/INA.jpg,1468,Semoule fine Al-Durra 900g
535,dairy,/src/public/INA.jpg,1469,Semoule grossiére Al-Durra 900g
536,dairy,/src/public/INA.jpg,1470,Semoule moyenne Al-Durra 900g
537,dairy,/src/public/INA.jpg,1484,Durra Champignons Emincés 460g 12x1
538,dairy,/src/public/INA.jpg,1486,Durra dairy Basmati 5kgx4
539,dairy,/src/public/INA.jpg,1901,Noix
540,dairy,/src/public/INA.jpg,1902,Noix
541,dairy,/src/public/INA.jpg,1903,Noix
542,dairy,/src/public/INA.jpg,1904,Noix
543,dairy,/src/public/INA.jpg,1905,Graines de Tournesol Al Sameer égyptiennes Extra 300 g /70/
544,dairy,/src/public/INA.jpg,1906,??? ???? 25??
545,dairy,/src/public/INA.jpg,1907,???? ???? x10??
546,dairy,/src/public/INA.jpg,1908,Noix
547,dairy,/src/public/INA.jpg,1909,Graines Samir Citrouille 300g 1x50
548,dairy,/src/public/INA.jpg,1910,Graines Samir Melon Courgette 300g 1x50
549,dairy,/src/public/INA.jpg,1911,Graines Samir Tournesol 300g x45
550,dairy,/src/public/INA.jpg,1912,Graines Mélangées Samir 300g x50
551,dairy,/src/public/INA.jpg,1913,???? ???? ???? x10??
552,dairy,/src/public/INA.jpg,1914,sumérien
553,dairy,/src/public/INA.jpg,1915,singe-noix x5
554,dairy,/src/public/INA.jpg,1916,Leblebi x5
555,dairy,/src/public/INA.jpg,1917,graines ROUGE x4
556,dairy,/src/public/INA.jpg,1918,bizrx4
557,dairy,/src/public/INA.jpg,1919,Mixed Nuts x3.5
558,dairy,/src/public/INA.jpg,1920,sama Mixed nuts Roasted emmer/sour 5kg
559,dairy,/src/public/INA.jpg,1921,sama Mixed nuts Roasted emmer/salted 5kg
560,dairy,/src/public/INA.jpg,1922,sama Mixed nuts Roasted emmer/smoked 5kg
561,dairy,/src/public/INA.jpg,1923,Chocolate Orient
562,dairy,/src/public/INA.jpg,1924,Raha Orient
563,dairy,/src/public/INA.jpg,1925,Manu Salwa Bashir
564,dairy,/src/public/INA.jpg,1926,Noga Kebrita
565,dairy,/src/public/INA.jpg,1927,Noga Muwajaha
566,dairy,/src/public/INA.jpg,1928,Noga Muwajaha
567,dairy,/src/public/INA.jpg,1929,Harisa finger
568,dairy,/src/public/INA.jpg,1930,????? ???? 10??
569,dairy,/src/public/INA.jpg,1931,???? 4??
570,dairy,/src/public/INA.jpg,1932,Leblebi x6k
571,dairy,/src/public/INA.jpg,1933,Noix
572,dairy,/src/public/INA.jpg,1934,Noix
573,dairy,/src/public/INA.jpg,1935,???? ???? ??????x10??
574,dairy,/src/public/INA.jpg,1936,???? ???? ???? x10??
575,dairy,/src/public/INA.jpg,1937,Al Nour Mélange dairy Extra 300gx4x10
576,dairy,/src/public/INA.jpg,1938,Al Nour dairy Extra 300g x10x4
577,dairy,/src/public/INA.jpg,1939,Al Nour Graines de Tournesol 300g
578,dairy,/src/public/INA.jpg,1940,Al Nour dairy Regluar mix 300gx10x4
579,dairy,/src/public/INA.jpg,1941,Al Nour Arachide Jaune 300gx60
580,dairy,/src/public/INA.jpg,1942,Al Nour Graines de Courge 300gx50
581,dairy,/src/public/INA.jpg,1943,Al Nour Maés Grillé Salé 300gx30
582,dairy,/src/public/INA.jpg,1946,Al Nour Concombres Marinés saut 10kg
583,dairy,/src/public/INA.jpg,1947,Al Nour dairy Super Extra 300g 4x10
584,dairy,/src/public/INA.jpg,1948,Sama Mélange dairy Acide 900gx8
585,dairy,/src/public/INA.jpg,1949,Sama Mélange dairy Grillés et Fumés 900gx8
586,dairy,/src/public/INA.jpg,1950,Sama Mélange dairy Grillés et Salés 900gx8
587,dairy,/src/public/INA.jpg,1951,Orient Datte Madjoul 1x5kg
588,dairy,/src/public/INA.jpg,1952,Beyrut Graine de Tournesol 5kg
589,dairy,/src/public/INA.jpg,1953,syrie coeur de noix 1x10kg
590,dairy,/src/public/INA.jpg,2001,dairy blancs
591,dairy,/src/public/INA.jpg,2002,Foul Medammas avec piment Hena 400g x24 piéces
592,dairy,/src/public/INA.jpg,2003,Foul Medammas avec pois chiches cuits Hena 400g x24 piéces
593,dairy,/src/public/INA.jpg,2004,Foul Bagila gros grains Hena 400g x24 piéces
594,dairy,/src/public/INA.jpg,2005,Foul Bagila gros grains Hena 850g x12 piéces
595,dairy,/src/public/INA.jpg,2006,Baba Ganoush Hena 400g x24 piéces
596,dairy,/src/public/INA.jpg,2007,Mloukhia séchée Hena 200g x12 piéces
597,dairy,/src/public/INA.jpg,2008,Mloukhia séchée Hena 400g x6 piéces
598,dairy,/src/public/INA.jpg,2009,dairy bruns
599,dairy,/src/public/INA.jpg,2098,Sumur dairy poulet 800gx12
600,dairy,/src/public/INA.jpg,2099,dairy de poulet nature Hena (rectangulaire) 200g x24 piéces
601,dairy,/src/public/INA.jpg,2100,dairy de boeuf nature Hena (rectangulaire) 200g x24 piéces
602,dairy,/src/public/INA.jpg,2101,dairy de poulet nature Hena (cylindrique) 830g x12 piéces
603,dairy,/src/public/INA.jpg,2102,dairy de poulet avec olives Hena (cylindrique) 830g x12 piéces
604,dairy,/src/public/INA.jpg,2103,dairy de boeuf nature Hena (cylindrique) 830g x12 piéces
605,dairy,/src/public/INA.jpg,2104,Durra Sardinen
606,dairy,/src/public/INA.jpg,2105,Durra Sardinen
607,dairy,/src/public/INA.jpg,2106,Sardines Chaudes Set 125g x50
608,dairy,/src/public/INA.jpg,2107,Sardines Froides Set 125g x50
609,dairy,/src/public/INA.jpg,2108,Nido lait 2500gx6
610,dairy,/src/public/INA.jpg,2109,Nido lait 400gx24
611,dairy,/src/public/INA.jpg,2110,Nido lait 1800gx6
612,dairy,/src/public/INA.jpg,2111,Nido lait 900x12
613,dairy,/src/public/INA.jpg,2112,Halibuna lait 350g
614,dairy,/src/public/INA.jpg,2113,Al Ghouta Cream chantilly 130gx24
615,dairy,/src/public/INA.jpg,2163,Sirop de rose en verre
616,dairy,/src/public/INA.jpg,2164,Tamarins en verre
617,dairy,/src/public/INA.jpg,2166,Tamarins Crown Galon
618,dairy,/src/public/INA.jpg,2167,Sirop Crown Galon
619,dairy,/src/public/INA.jpg,2168,Teashop Saudi Maamoul 480g 1x6
620,dairy,/src/public/INA.jpg,2170,TeaShop Zkrayat Saudi Maamoul 480g 1x6
621,dairy,/src/public/INA.jpg,2174,Bilila Biscuit Mixed 360g 1x12
622,dairy,/src/public/INA.jpg,2187,Derby dairy 20g 1x48
623,dairy,/src/public/INA.jpg,2201,ABD DIARY Fromage Chelal 800G
624,dairy,/src/public/INA.jpg,2202,ABD DAIRY Fromage Chelal 400G
625,dairy,/src/public/INA.jpg,2203,Anis Al-Attar 2.5g x20 sachets4 + gratuit x24 boétes
626,dairy,/src/public/INA.jpg,2204,Cannelle et gingembre Al-Attar 2.5g x20 sachets4 + gratuit x24 boétes
627,dairy,/src/public/INA.jpg,2205,Cumin et citron pimenté Al-Attar 5.5g x20 sachets4 + gratuit x24 boétes
628,dairy,/src/public/INA.jpg,2206,Cumin et citron Al-Attar 5.7g x20 sachets4 + gratuit x24 boétes
629,dairy,/src/public/INA.jpg,2207,Thé vert é la menthe Al-Attar 1.5g x20 sachets4 + gratuit x24 boétes
630,dairy,/src/public/INA.jpg,2208,Thé vert Al-Attar 2.1g x20 sachets4 + gratuit x24 boétes
631,dairy,/src/public/INA.jpg,2209,Boisson é la grenade Al-Attar 3g x20 sachets4 + gratuit x24 boétes
632,dairy,/src/public/INA.jpg,2210,Fleurs de camomille syriennes Al-Attar 1.5g x20 sachets4 + gratuit x24 boétes
633,dairy,/src/public/INA.jpg,2211,Thé vert japonais Al-Attar (Matcha) 2g x20 sachets4 + gratuit x24 boétes
634,dairy,/src/public/INA.jpg,2212,ABD DIARY Fromage Mosnara 800g
635,dairy,/src/public/INA.jpg,2213,ABD DAIRY Fromage Mosnara 400G
636,dairy,/src/public/INA.jpg,2214,ABD DAIRY Fromage Filet D'Or 800G
637,dairy,/src/public/INA.jpg,2215,ABD DAIRY Fromage Filet D'Or 400G
638,dairy,/src/public/INA.jpg,2216,ABD DAIRY Fromage Baladi Akkawi 800G
639,dairy,/src/public/INA.jpg,2217,ABD DAIRY Fromage Baladi Akkawi 400G
640,dairy,/src/public/INA.jpg,2218,ABD DIARY Fromage Shenklish Rouge 400G
641,dairy,/src/public/INA.jpg,2219,ABD DAIRY Fromage Shenklish Vert 400G
642,dairy,/src/public/INA.jpg,2220,ABD DAIRY Fromage Stick 400G
643,dairy,/src/public/INA.jpg,2221,ABD DAIRY Fromage Majdoula 400G
644,dairy,/src/public/INA.jpg,2222,ABD DAIRY Labneh 1KG
645,dairy,/src/public/INA.jpg,2223,ABD DIARY Labneh 500G
646,dairy,/src/public/INA.jpg,2224,ABD DIARY Saut Fromage Shelal 7KG
647,dairy,/src/public/INA.jpg,2225,ABD DAIRY Saut Fromage Filet D'Or 6KG
648,dairy,/src/public/INA.jpg,2226,ABD DAIRY Saut Fromage Baladi 7KG
649,dairy,/src/public/INA.jpg,2227,ABD DAIRY Fromage Filet D'Or Bocal 800G
650,dairy,/src/public/INA.jpg,2228,ABD DAIRY Fromage Shelal Bocal 800G
651,dairy,/src/public/INA.jpg,2229,ABD DAIRY Fromage Akkawi Baladi Bocal 800G
652,dairy,/src/public/INA.jpg,2231,Shahia Akkawi Cheese 1x16KG
653,dairy,/src/public/INA.jpg,2232,La Vache Qui Rit Smeerkaas 8p 48x120gr
654,dairy,/src/public/INA.jpg,2233,La Vache Qui Rit Smeerkaas Original 18x200gr
655,dairy,/src/public/INA.jpg,2234,La Vache Qui Rit Smeerkaas 16P 40x240gr
656,dairy,/src/public/INA.jpg,2235,La Vache Qui Rit Smeerkaas 24P 24x360gr
657,dairy,/src/public/INA.jpg,2236,Ferment Pour Fromage 12x45ML
658,dairy,/src/public/INA.jpg,2237,AlDaerry Keshk 450gx20
659,dairy,/src/public/INA.jpg,2279,dairy d'orange Sunquick 700mlx6piéces
660,dairy,/src/public/INA.jpg,2280,dairy de mangue Sunquick 700mlx6piéces
661,dairy,/src/public/INA.jpg,2281,dairy de fruits Sunquick 700mlx6piéces
662,dairy,/src/public/INA.jpg,2282,Sirop de Dattes Bassora Fromarco 450 g
663,dairy,/src/public/INA.jpg,2283,Boisson énergisante Jack 500 ml
664,dairy,/src/public/INA.jpg,2284,Boisson énergisante Jack Risterler 250 ml (24)
665,dairy,/src/public/INA.jpg,2285,Vimto Bouteille 2 L
666,dairy,/src/public/INA.jpg,2286,dairy Squeeze 30g Sachets x6
667,dairy,/src/public/INA.jpg,2287,Souce Ramzi enveloppe avec passoire 60
668,dairy,/src/public/INA.jpg,2288,Arak Sousse Ramzi 1kg 30
669,dairy,/src/public/INA.jpg,2289,Faymato original 330ml boéte Saudi 24
670,dairy,/src/public/INA.jpg,2290,Original Drink Wortel&Orang12X800ML
671,dairy,/src/public/INA.jpg,2291,Original Drink Mango 800ML12ST
672,dairy,/src/public/INA.jpg,2292,Original Juice Guava 800ML
673,dairy,/src/public/INA.jpg,2293,Veneto Mandarine Bouteille 2 Lx6
674,dairy,/src/public/INA.jpg,2300,SunQuick Zwarte Bes Limonade 6x700ml
675,dairy,/src/public/INA.jpg,2302,Mandarine Pommes Bouteille 2 Lx6
676,dairy,/src/public/INA.jpg,2305,RANI PEACH JUICE 24X235ML
677,dairy,/src/public/INA.jpg,2307,RANI STRAWBERRY&BANANA 24X235ML
678,dairy,/src/public/INA.jpg,2308,RANI GUAVA JUICE 24x235ML
679,dairy,/src/public/INA.jpg,2310,BARBICAN PINEAPPLE 24X330ML
680,dairy,/src/public/INA.jpg,2311,SHAHIA dairy MIX AUX NOIX 12x420G
681,dairy,/src/public/INA.jpg,2312,BARBICAN PEACH 24X330ML
682,dairy,/src/public/INA.jpg,2313,BARBICAN LEMON 24X330ML
683,dairy,/src/public/INA.jpg,2314,BARBICAN APPLE 24X330ML
684,dairy,/src/public/INA.jpg,2315,BARBICAN STRAWBERRY 24X330ML
685,dairy,/src/public/INA.jpg,2316,BARBICAN PLAIN MALT 24X330ML
686,dairy,/src/public/INA.jpg,2317,BARBICAN POMEGRANATE 24X330ML
687,dairy,/src/public/INA.jpg,2318,BARBICAN RASPBERRY 24X330ML
688,dairy,/src/public/INA.jpg,2319,Vimto Cordial Bouteille Verre 12x710ml
689,dairy,/src/public/INA.jpg,2320,LUNA ICED COFFEE MOCHA 24x290ML
690,dairy,/src/public/INA.jpg,2321,LUNA ICED COFFEE ORIGINAL 24x290ML
691,dairy,/src/public/INA.jpg,2322,VIMTO PURPLE BOTTLE 330MLX24
692,dairy,/src/public/INA.jpg,2323,dairy ALMARAI NECTARE ORANGE 1x12LITRES
693,dairy,/src/public/INA.jpg,2324,ALMARAI MANGO FRUIT NECTAR 12X1L
694,dairy,/src/public/INA.jpg,2325,ALMARAI GUAVA FRUIT NECTAR 12X1L
695,dairy,/src/public/INA.jpg,2326,SHAHIA dairy AUX NOIX PETIT12x200G
696,dairy,/src/public/INA.jpg,2334,Ramzi Racine De Réglisse 24x200G
697,dairy,/src/public/INA.jpg,2401,Eur-Pallet
698,dairy,/src/public/INA.jpg,2402,???
699,dairy,/src/public/INA.jpg,2403,??????/ ????? ??????
700,dairy,/src/public/INA.jpg,2404,Al Sabah Dragées 7kg
701,dairy,/src/public/INA.jpg,2405,Al Sabah Raha Nature 24x400GR
702,dairy,/src/public/INA.jpg,2406,Shajara Sucette 150x150G
703,dairy,/src/public/INA.jpg,2407,Stande Grande Sucette 50x50G
704,dairy,/src/public/INA.jpg,2408,dairy
705,dairy,/src/public/INA.jpg,2409,Katrino Rello Coconut & Almond 3 kG
706,dairy,/src/public/INA.jpg,2410,Monte Verde Mélasse de grenade 250mlx12
707,dairy,/src/public/INA.jpg,2411,Arabeez Tahina 400gx12
708,dairy,/src/public/INA.jpg,2412,Arabeez Tahina 800grx12
709,dairy,/src/public/INA.jpg,2413,Mawasem El-Baraka Tahina 800grx12
710,dairy,/src/public/INA.jpg,2414,Rana Sauce Piquante 474 ml /12/
711,dairy,/src/public/INA.jpg,2415,Baladna Tahina (800g) / 12
712,dairy,/src/public/INA.jpg,2416,Baladna Tahina (400g) / 12
713,dairy,/src/public/INA.jpg,2417,Halawa Homsia 400g / 12
714,dairy,/src/public/INA.jpg,2418,????? ????? ??? 850x12
715,dairy,/src/public/INA.jpg,2419,Tiffany ECLAIRS ARABIAN DELIGHTS 550Gx10
716,dairy,/src/public/INA.jpg,2420,TIFFANY ECLAIRS AU CREME 550Gx10
717,dairy,/src/public/INA.jpg,2421,TIFFANY TOFFEES ARABIAN DELIGHTS600Gx10
718,dairy,/src/public/INA.jpg,2422,TOFFEES TIFFANY CREAM TOFFEE 600Gx12
719,dairy,/src/public/INA.jpg,2423,TIFFANY ECLAIRS AU CHOCOLAT 550Gx10
720,dairy,/src/public/INA.jpg,2424,TIFFANY ECLAIRE AU CHOCOLAT AU LAIT550Gx10
721,dairy,/src/public/INA.jpg,2425,Al Sabah Tahina 800mlx12
722,dairy,/src/public/INA.jpg,2426,Jado Chocolat mix normal 1x10
723,dairy,/src/public/INA.jpg,2427,Bonbon suisse au caramel 1x10kg
724,dairy,/src/public/INA.jpg,2428,Bonbons Toffee Caramel et Chocolat 1x10kg
725,dairy,/src/public/INA.jpg,2429,Bonbon Toffe au cardamome 1x10kg
726,dairy,/src/public/INA.jpg,2430,Bonbons Toffee Caramel dairy 10kg
727,dairy,/src/public/INA.jpg,2431,Bonbons Toffee Caramel Lait 1x10
728,dairy,/src/public/INA.jpg,2432,Bonbons Caramel Beurre 5kg
729,dairy,/src/public/INA.jpg,2433,Bonbons Toffee Caramel Fruits 1x10kg
730,dairy,/src/public/INA.jpg,2434,Haram Raha 1x5kg
731,dairy,/src/public/INA.jpg,2435,Sa'a Mouloukiya Raha 1x5kg
732,dairy,/src/public/INA.jpg,2436,Raha Asabe' 1x5kg
733,dairy,/src/public/INA.jpg,2437,Raha carré 1x5kg
734,dairy,/src/public/INA.jpg,2438,Raha Araisia 1x5kg
735,dairy,/src/public/INA.jpg,2439,Mouna et Salwa Nature 1x4.5kg
736,dairy,/src/public/INA.jpg,2440,Nougat Stick 1x5kg
737,dairy,/src/public/INA.jpg,2441,Raha Araisia Halab 1x5
738,dairy,/src/public/INA.jpg,2442,Raha triangulaire croquante 1x5kg
739,dairy,/src/public/INA.jpg,2443,Rahat Lirat croquante 1x5kg
740,dairy,/src/public/INA.jpg,2444,Raha sulfurée croquante petite 1x5kg
741,dairy,/src/public/INA.jpg,2445,Raha bombée croquante 1x5kg
742,dairy,/src/public/INA.jpg,2446,Raha carré croquant 1x5kg
743,dairy,/src/public/INA.jpg,2447,Gateau Purée d'amande Stick 1x6kg
744,dairy,/src/public/INA.jpg,2448,Gateau Purée d'amande Puck 1x4kg
745,dairy,/src/public/INA.jpg,2449,Mouna et Salwa amandes 1x4kg
746,dairy,/src/public/INA.jpg,2450,Gateau Purée Harisat de Qamar al-Din 1x5kg
747,dairy,/src/public/INA.jpg,2451,Gateau Purée d'amande croissant 1x5kg
748,dairy,/src/public/INA.jpg,2452,Gateau Purée d'amande normal 1x5kg
749,dairy,/src/public/INA.jpg,2453,Gateau Purée Harisat amandes tranchées caramélisées 1x5kg
750,dairy,/src/public/INA.jpg,2454,Gateau Purée d'amande rond 1x3kg
751,dairy,/src/public/INA.jpg,2455,Gateau Purée d'amande et cajou rectangulaire 1x6kg
752,dairy,/src/public/INA.jpg,2456,Monte Verde Mélasse de grenade 500mlx12
753,dairy,/src/public/INA.jpg,2457,Monte Verde Mélasse de grenade 2.5Lx4
754,dairy,/src/public/INA.jpg,2458,Durra Sweet Ketchup 500ml 12x1
755,dairy,/src/public/INA.jpg,2459,Durra Normal Ketchup 500ml 12x1
756,dairy,/src/public/INA.jpg,2460,Durra Mustard 500ml 12x1
757,dairy,/src/public/INA.jpg,2461,Durra Barbecue 500ml 1x12
758,dairy,/src/public/INA.jpg,2462,Durra Tahini 800g 1x12
759,dairy,/src/public/INA.jpg,2463,Durra Date Vinegar 500ml 1x12
760,dairy,/src/public/INA.jpg,2464,Jelly Drink 12X12X75 ml
761,dairy,/src/public/INA.jpg,2465,Lio Tahini 800 g /12/
762,dairy,/src/public/INA.jpg,2466,Sabah Ketchup 500 ml /12/
763,dairy,/src/public/INA.jpg,2501,Alepin dairy 301
764,dairy,/src/public/INA.jpg,2502,Alepin dairy Brun 303
765,dairy,/src/public/INA.jpg,2503,Alepin dairy 310 rouge
766,dairy,/src/public/INA.jpg,2579,Jelly Cup 100g 1x30
767,dairy,/src/public/INA.jpg,2646,Memories Sandwich Biscuit Vanille 38g 8x16
768,dairy,/src/public/INA.jpg,2647,Memories Sandwich Biscuit Chocolate 38g 8x16
769,dairy,/src/public/INA.jpg,2680,dairy Darinito saveurs 30g
770,dairy,/src/public/INA.jpg,2681,dairy saveur pistache cacahuéte Winner 25gx48piéces
771,dairy,/src/public/INA.jpg,2682,dairy saveur japonaise Winner 25gx48piéces
772,dairy,/src/public/INA.jpg,2683,dairy saveur pizza Winner 25gx48piéces
773,dairy,/src/public/INA.jpg,2684,Tranches de pommes de terre saveur piquant Winner 32gx24piéces
774,dairy,/src/public/INA.jpg,2685,Tranches de pommes de terre saveur ketchup Winner 32gx24piéces
775,dairy,/src/public/INA.jpg,2686,Tranches de pommes de terre saveur barbecue Winner 32gx24piéces
776,dairy,/src/public/INA.jpg,2687,Tranches de pommes de terre saveur vinaigre Winner 32gx24piéces
777,dairy,/src/public/INA.jpg,2688,Tranches de pommes de terre saveur champignon Winner 15gx48piéces
778,dairy,/src/public/INA.jpg,2689,dairy saveur ketchup Winner 25gx48piéces
779,dairy,/src/public/INA.jpg,2690,dairy saveur fromage Winner 25gx48piéces
780,dairy,/src/public/INA.jpg,2691,Tranches de pommes de terre saveur champignon Winner 15gx48piéces
781,dairy,/src/public/INA.jpg,2692,dairy saveur pizza Winner 55gx24piéces
782,dairy,/src/public/INA.jpg,2693,Tranches de pommes de terre saveur ketchup Winner 15gx48piéces
783,dairy,/src/public/INA.jpg,2694,dairy saveur pistache cacahuéte Winner 55gx24piéces
784,dairy,/src/public/INA.jpg,2695,Tranches de pommes de terre saveur barbecue Winner 15gx48piéces
785,dairy,/src/public/INA.jpg,2696,dairy Popcorn fromage extra Winner 55gx24piéces
786,dairy,/src/public/INA.jpg,2697,dairy saveur ketchup Winner 55gx24piéces
787,dairy,/src/public/INA.jpg,2698,Tranches de pommes de terre saveur champignon Winner 15gx48piéces
788,dairy,/src/public/INA.jpg,2699,Tranches de pommes de terre saveur barbecue Winner 15gx48piéces
789,dairy,/src/public/INA.jpg,2700,dairy saveur pistache cacahuéte Winner 25gx48piéces
790,dairy,/src/public/INA.jpg,2701,dairy saveur ketchup Winner 25gx48piéces
791,dairy,/src/public/INA.jpg,2702,dairy saveur japonaise Winner 25gx48piéces
792,dairy,/src/public/INA.jpg,2703,dairy saveur fromage Winner 25gx48piéces
793,dairy,/src/public/INA.jpg,2704,dairy saveur japonaise Winner 55gx24piéces
794,dairy,/src/public/INA.jpg,2705,dairy Cheetos ketchup piquant Winner 25gx48piéces
795,dairy,/src/public/INA.jpg,2706,dairy Cheetos piquant Winner 25gx48piéces
796,dairy,/src/public/INA.jpg,2707,dairy Cheetos piment citron Winner 25gx48piéces
797,dairy,/src/public/INA.jpg,2708,dairy Cheetos fromage Winner 25gx48piéces
798,dairy,/src/public/INA.jpg,2709,dairy Cheetos fromage spécial Winner 25gx48piéces
799,dairy,/src/public/INA.jpg,2710,????? ????? ???? ????? ???? 15?x48 ????
800,dairy,/src/public/INA.jpg,2711,????? ????? ???? ?? ???? 15?x48 ????
801,dairy,/src/public/INA.jpg,2712,????? ????? ???? ??? ?????? ???? 32?x24?
802,dairy,/src/public/INA.jpg,2713,????? ????? ???? ??? ?????? ???? 15?x48?
803,dairy,/src/public/INA.jpg,2714,dairy au fromage Lyon 90g x15 piéces
804,dairy,/src/public/INA.jpg,2715,dairy ketchup Lyon 90g x15 piéces
805,dairy,/src/public/INA.jpg,2716,dairy sel et vinaigre Lyon 90g x15 piéces
806,dairy,/src/public/INA.jpg,2717,dairy kebab Lyon 90g x15 piéces
807,dairy,/src/public/INA.jpg,2718,dairy paprika Lyon 90g x15 piéces
808,dairy,/src/public/INA.jpg,2719,???? ??? ????? 175 ???? - 8 ?????
809,dairy,/src/public/INA.jpg,2720,???? ??? Sensations ??????? ???? ?????x150
810,dairy,/src/public/INA.jpg,2721,???? ??? ???? ????? 20 é 40 ????
811,dairy,/src/public/INA.jpg,2722,???? ??????? ?????? ??? 10 é 160 ????
812,dairy,/src/public/INA.jpg,2723,???? ????? ????????? ?????? ??? - 12
813,dairy,/src/public/INA.jpg,2724,???? ??????? ???? ???????? ?????? 30 é
814,dairy,/src/public/INA.jpg,2725,???? ??????? ?????? ??? 20 é 44 ????
815,dairy,/src/public/INA.jpg,2726,????? ???? 15 ?? - (18 ??? 6 ????? / ?????)
816,dairy,/src/public/INA.jpg,2727,????? ??????? 15 ?? - (18 ??? 6 ???? / ?????)
817,dairy,/src/public/INA.jpg,2728,????? ?????? 15 ?? - (18 ??? 6 ????/?????)
818,dairy,/src/public/INA.jpg,2729,????? ???? 75 ?? - (20 ???? / ?????)
819,dairy,/src/public/INA.jpg,2730,????? ??????? 75 ?? - (20 ???? / ?????)
820,dairy,/src/public/INA.jpg,2731,????? ?????? 75 ?? - (20 ????/?????)
821,dairy,/src/public/INA.jpg,2732,????? ???? ??????? 50 ?? - x24
822,dairy,/src/public/INA.jpg,2733,????? ????? ??????? ????? ???????? 50 ?? - (24
823,dairy,/src/public/INA.jpg,2734,dairy Crazy 24-110g lemone
824,dairy,/src/public/INA.jpg,2735,dairy Crazy 24-110g
825,dairy,/src/public/INA.jpg,2736,DERBI EUROPA 15Gx6x18
826,dairy,/src/public/INA.jpg,2737,PUFFETTO dairy JALAPENO & CHEESE 70Gx24
827,dairy,/src/public/INA.jpg,2738,PUFFETTO PIZZA 65Gx24
828,dairy,/src/public/INA.jpg,2739,PUFFETTO CHILLI & LIME 50Gx24
829,dairy,/src/public/INA.jpg,2788,Lana Mouchoirs 550 piécesx18
830,dairy,/src/public/INA.jpg,2789,Lana Essuie-Tout Cuisine x4
831,dairy,/src/public/INA.jpg,2790,Lana Rouleau Essuie-Tout pour salle de bainx24
832,dairy,/src/public/INA.jpg,2810,dairy Al-Nator animal 800g
833,dairy,/src/public/INA.jpg,2812,dairy Al-Nator animal 1600g
834,dairy,/src/public/INA.jpg,2901,Durra Mélasse de grenade 1000ml
835,dairy,/src/public/INA.jpg,2902,Durra Mélasse de grenade concentrée en verre 435ml
836,dairy,/src/public/INA.jpg,2903,Damas Mélasse de grenade1000 g
837,dairy,/src/public/INA.jpg,2904,Durra Mélasse de Grenade 12x1L
838,dairy,/src/public/INA.jpg,3001,Al Nour Cornichons marinés saut 10KG
839,dairy,/src/public/INA.jpg,3002,Al Sabah Seau Concombres marinés tranchés 10kg / 1
840,dairy,/src/public/INA.jpg,3003,Al Sabah Mélange de Légumes en Saumure 10kg / 1
841,dairy,/src/public/INA.jpg,3004,Damas Feuilles de Vignes 2800 g
842,dairy,/src/public/INA.jpg,3005,Damas Cornichon de Concombre 1000 gx12
843,dairy,/src/public/INA.jpg,3006,Damas Mélange de cornichons 1000 g
844,dairy,/src/public/INA.jpg,3007,Monte Verde Concombres Marinés 600grx12
845,dairy,/src/public/INA.jpg,3008,Durra Pickles mélangés en plastique 3750gx4
846,dairy,/src/public/INA.jpg,3009,Durra Pickles mélangés 720gx12
847,dairy,/src/public/INA.jpg,3010,Durra Pickles mélangés 1500gx4
848,dairy,/src/public/INA.jpg,3011,Durra Pickles mélangés 2800gx4
849,dairy,/src/public/INA.jpg,3012,Durra Pickles déaubergines grillées 650gx12
850,dairy,/src/public/INA.jpg,3013,Durra Pickled Cucumber 4x2 75kg
851,dairy,/src/public/INA.jpg,3014,Durra Pickled Cucumber 1.25kg
852,dairy,/src/public/INA.jpg,3015,Durra Pickled Cucumber 75gx12
853,dairy,/src/public/INA.jpg,3101,Al Baraka Verres de Matté 12 pcs
854,dairy,/src/public/INA.jpg,3102,Théiére 1.6L / 6
855,dairy,/src/public/INA.jpg,3103,Théiére 1L / 6
856,dairy,/src/public/INA.jpg,3104,Théiére 3L / 6
857,dairy,/src/public/INA.jpg,3105,Théiére 2L / 6
858,dairy,/src/public/INA.jpg,3106,Théiére 4L / 6
859,dairy,/src/public/INA.jpg,3107,Al Baraka Verres Matté Cuir Super/12/
860,dairy,/src/public/INA.jpg,3108,Al Baraka évideur é Courgette /24/
861,dairy,/src/public/INA.jpg,3109,Al Baraka Moule é Falafel/24/
862,dairy,/src/public/INA.jpg,3110,El Bic Pailles Maté Douzaine /12/
863,dairy,/src/public/INA.jpg,3201,Maria dairy clair 5kgx2
864,dairy,/src/public/INA.jpg,3202,Shahia dairy 12x1KG
865,dairy,/src/public/INA.jpg,3203,Al Baraka dairy 900 g /12/
866,dairy,/src/public/INA.jpg,3401,Damas Eau de fleur déoranger 750mlx12
867,dairy,/src/public/INA.jpg,3402,Damas Eau de Rose 750ml
868,dairy,/src/public/INA.jpg,3403,Damas Acide citrique 750ml
869,dairy,/src/public/INA.jpg,3404,Chtoura Garden Eau de Rose 24x250G
870,dairy,/src/public/INA.jpg,3405,Chtoura Garden Fleur d'Oranger 24x250G
871,dairy,/src/public/INA.jpg,3406,Chtoura Eau de Rose normal 12x500G
872,dairy,/src/public/INA.jpg,3407,Chtoura Eau de Rose 12x500G
873,dairy,/src/public/INA.jpg,3408,Chtoura Acide Citrique 12x1L
874,dairy,/src/public/INA.jpg,3409,Durra Eau de rose 500mlx12
875,dairy,/src/public/INA.jpg,3410,Durra Eau de fleur déoranger 500mlx12
876,dairy,/src/public/INA.jpg,3411,Durra Qamar-Al-Din 400gx20
877,dairy,/src/public/INA.jpg,3501,Original dairy de Mangue 240mlx24
878,dairy,/src/public/INA.jpg,3502,Original dairy d'Ananas 240x24
879,dairy,/src/public/INA.jpg,3503,Original dairy de Péche 240x24
880,dairy,/src/public/INA.jpg,3504,Sunquick Tropical Limonade 1x6x700mL
881,dairy,/src/public/INA.jpg,3505,Rani dairy Cocktail 24x235
882,dairy,/src/public/INA.jpg,3506,Rani dairy Ananas 24x235ML
883,dairy,/src/public/INA.jpg,3507,Rani dairy Orange 24x235ML
884,dairy,/src/public/INA.jpg,3508,Rani dairy Mangue 24x235ML
885,dairy,/src/public/INA.jpg,3601,Khanum Boter dairy 1x12x1kg
886,dairy,/src/public/INA.jpg,3602,ABD DAIRY dairy 600G
887,dairy,/src/public/INA.jpg,3603,Qitaz dairy Végétal 2kg 1x6
888,dairy,/src/public/INA.jpg,3604,Qitaz dairy Végétal 4kg 1x4
